"Lady Gaga_Scream Loud","serial tender blind history scream"
"Lady Gaga_No Way","favorite nightmare goodbye thing night"
"Taylor Swift_Storty Of Us","contest thing hand pride silence"
"Westlife_Uptown Girl","world blood white pearl tired"
"Lady Gaga_It Don't Mean A Thing","sweet difference bennett thing rhythm"
"Celine Dion_Glory Alleluia","comme chant travers chantons descend"
"Justin Bieber_Out Of Town Girl","sign passport smile different hand"
"Westlife_Mandy","today night world mandy people"
"Celine Dion_Beautiful Boy","empty world afraid forty little"
"Lady Gaga_Fashion of His Love","sign strong fitting word friend"
"Celine Dion_Don't Save It All For Christmas Day","life world people little minute"
"Linkin Park_Enth E Nd","opportunity teen stand middle disorder"
"Eagles_It's Your World Now","world evening appear leavin tear"
"Rihanna_What's My Name","thing whats challenge sixty traffic"
"Coldplay_Proof","spark thing bright light proof"
"Taylor Swift_Somebody To Hold","night google tear reality thing"
"Westlife_Smile","gladness trace worthwhile smile heart"
"Rihanna_Moon Is Blue","sharp world alone broken tear"
"Westlife_Total Eclipse Of The Heart","total powder turnaround little sound"
"Coldplay_See You Soon","telescope atyour window bullet trust"
"Westlife_Somebody Needs You","wrong human belong light somebody"
"Michael Jackson_Lonely Teardrops","chance romance everyday heart teardrop"
"Justin Bieber_Be Alright","ocean night storm anything alright"
"Linkin Park_Karma Killer","thickness weary animal wait mouth"
"Lady Gaga_Silly Boy","regret people place taste keeper"
"Justin Bieber_J-Bieber Rap","rapper check funky stamen white"
"Justin Bieber_Recovery","learning trial perfect distance intention"
"Westlife_Hit You With The Real Thing","ecstasy moderate thing stereo hypnotic"
"Lady Gaga_One","wonderful today juda everyone onewho"
"Rihanna_Tide Is High","world tryin thing chick visit"
"Michael Jackson_If'n I Was God","night folk everyone spite nobody"
"Justin Bieber_First Dance","opportunity favorite dance perfect thought"
"Michael Jackson_She's Out Of My Life","knife locked expression inside hand"
"Justin Bieber_Just Like Them","trust wrong track different woman"
"Westlife_More Than Words","hand word heart thing"
"Michael Jackson_I Just Can't Stop Loving You","world proud whisper thing yesterday"
"Michael Jackson_SFTS SFTS","ready remedy goodbye beein compromise"
"Coldplay_A Rush Of Blood To The Head","movement blood stand desire crumble"
"Eagles_Falling Down The Stairs","meplease strong stair tumble single"
"Michael Jackson_ABC","simple learning little reading repeat"
"Eagles_Guilty Of The Crime","total brand stranger savin knockin"
"Celine Dion_Declaration Of Love","world night armor juliette river"
"Michael Jackson_Fall Again","feel anything share sleep nobody"
"Linkin Park_Lies Greed Misery","coffin kinda choke failure sayin"
"Lady Gaga_Mega Mix","gunna dance price nobody cherry"
"Westlife_Beautiful In White","timeless world white aisle endless"
"Celine Dion_Fade Away","wrong last strong black right"
"Lady Gaga_Telephone","collector favorite service takin call"
"Michael Jackson_Behind The Mask","empty world weary sufferin rock"
"Lady Gaga_Another Time","chance watch amazing sorry mabey"
"Michael Jackson_Price Of Fame","quiet village thing price fortune"
"Rihanna_Break It Off","hopin yagga dance affection energy"
"Celine Dion_Blue Christmas","green snowflake white fallin decoration"
"Rihanna_Now I Know","world proud dance thing price"
"Lady Gaga_Superstar","wonder night superstar johansson celebrity"
"Rihanna_Phresh Out The Runway","runway small killa motherfucker change"
"Michael Jackson_In Our Small Way","small today world empty despair"
"Celine Dion_Love By Another Name","desire dance romantic guess letter"
"Westlife_Let's Make Tonight Special","special world start candlelight night"
"Rihanna_Half Of Me","decision song guess television opinion"
"Linkin Park_Petrified","friction heavy phony crack building"
"Coldplay_Rainy Day","ground spain rainy time aaaaah"
"Lady Gaga_Eh Eh (Nothing Else I Can Say)","wrong money somebody place thing"
"Rihanna_Don't Even Try","stupid feelin clear goodbye thing"
"Lady Gaga_I Want Your Love","outro night bird tight share"
"Justin Bieber_All I Want Is You","forth december sorry gift nobody"
"Justin Bieber_Make You Believe","green heard cause promise tryna"
"Celine Dion_Always Be Your Girl","wayward world everything prayer little"
"Coldplay_Major Minus","world watching crocodile hide chair"
"Celine Dion_Call The Man","world proud fight future shine"
"Michael Jackson_Break Of Dawn","night sweet workin break brand"
"Linkin Park_Final Masquerade","masquerade forgiveness horizon scar truth"
"Celine Dion_All Because Of You","meaning wrong everything wrap strong"
"Westlife_Fool Again","chance sign place tear secret"
"Linkin Park_Asbestos","shotgunning word thing price thetime"
"Linkin Park_Break","ignorance little word clear sense"
"Westlife_As Love Is My Witness","world apart forever strong dream"
"Taylor Swift_Girl At Home","proposition stupid honey number everybody"
"Westlife_That's Where You Find Love","ocean feel people place smile"
"Rihanna_Who Ya Gonna Run To?","world shoulder change loosin tryin"
"Michael Jackson_It's Too Late To Change The Time","almighty world store ready photograph"
"Rihanna_Breakin Dishes","night ohhhhh police name house"
"Justin Bieber_Pray","appetite change thing time close"
"Michael Jackson_Little Susie","blood everyone blind grandfather neglection"
"Justin Bieber_Only Thing I Ever Get For Christmas","mistletoe underneath rushing everybody thing"
"Coldplay_Amsterdam","chance surface underneath noose thing"
"Michael Jackson_Call On Me","golden glare world separate rough"
"Lady Gaga_Greatest","matter middle enough thing heart"
"Coldplay_O","flock smoke minute bird cause"
"Lady Gaga_Electric Kiss","felony independence world forever electric"
"Rihanna_Rush","touch thing somethin conscious angel"
"Justin Bieber_Come Home To Me","night white strong everybody goodbye"
"Coldplay_2000 Miles","frozen night sparkle people colder"
"Michael Jackson_Invincible","world matter everything anything perfect"
"Michael Jackson_Cinderella Stay Awhile","start sweet princess fairytale magic"
"Westlife_chances","wrong night shade blood bloody"
"Justin Bieber_So Sick","month alone change sense thought"
"Westlife_Change The World","wrong world losing word happiness"
"Rihanna_California King Bed","cheek night finger sheet touch"
"Westlife_Puzzle Of My Heart","puzzle chorus night start people"
"Coldplay_Death And All His Friends","rooftop cycle recycled death awake"
"Lady Gaga_Marry The Night","camino black fishnet boot queen"
"Michael Jackson_I Want You Back '98","triple marlon world stain daddy"
"Michael Jackson_I'll Come Home To You","minute wherever place feelin thing"
"Lady Gaga_Hooker On A Church Corner","world avergage perfect corner futuristic"
"Coldplay_Gravity","honey everyone sound cry heart"
"Rihanna_Whipping My Hair","world perfect thought hand flicker"
"Michael Jackson_Ben","people place friend something"
"Taylor Swift_You Belong With Me","favorite skirt middle sneaker humor"
"Westlife_Don't Let Me Go","simple people playing whisper thing"
"Rihanna_Cold Case Love","difference white truth scene piece"
"Justin Bieber_Slave To The Rhythm","night sheet break slave rhythm"
"Lady Gaga_Wonderful","wonderful slice night weird everything"
"Taylor Swift_A Perfectly Good Heart","sign matter unbroken sense first"
"Michael Jackson_I'm In Love Again","gladness dream happiness early morning"
"Rihanna_A Child Is Born","world everyone brighter tidings angel"
"Westlife_Tonight","tired heart someone whenever tonight"
"Taylor Swift_Wildest Dreams","cheek hindsight night last pretend"
"Coldplay_Adventure Of A Lifetime","pressure refrain weight magic shape"
"Taylor Swift_I Heart ?","wrong night everything break black"
"Michael Jackson_Money","world touch badge country backstabbers"
"Coldplay_Have Yourself A Merry Little Christmas","golden year little yuletide olden"
"Michael Jackson_Enjoy Yourself","night dancin sweet gettin watchin"
"Linkin Park_Tupac And Biggie Tribute","small world playa tupacshakur drama"
"Coldplay_Fun","ocean world change fight strike"
"Eagles_I Wish You Peace","storm water word thing wind"
"Westlife_Don't Say It's Too Late","decision hill runnin flame blame"
"Linkin Park_No Roads Left","regret flaw underground road sense"
"Rihanna_Hallucination","tonight empty yeahh perception hallucination"
"Linkin Park_What We Don't Know","second start head doubt clear"
"Linkin Park_Wretches And Kings","unload black thing nobody final"
"Celine Dion_I Remember L.A.","night plane minute boulevard lifetime"
"Justin Bieber_What's Hatnin'","blessin scream forgiveness watch guess"
"Lady Gaga_The Queen","dance noise challenger queen chance"
"Coldplay_Hunting High And Low:.","length sweet pounding reach sound"
"Michael Jackson_Don't Be Messin Around","romance ready little proud thinking"
"Westlife_Lost In You","wonderful field angel dreaming feeling"
"Rihanna_G4L","world motherfucker finna lady motherfucking"
"Coldplay_Murder","weight ground cause hand fight"
"Justin Bieber_I'll Be There","today world matter close picture"
"Justin Bieber_That Should Be Me","wrong making little hour everybody"
"Linkin Park_In Between","afraid language truth word thing"
"Linkin Park_Faint","complaint unconfident matter damage doubt"
"Celine Dion_Forget Me Not","wonder night connection middle please"
"Linkin Park_Burn It Down","crown explosion cycle blaze thing"
"Linkin Park_Fuse","company trap loose speech change"
"Taylor Swift_Back to December","small change guard pride time"
"Rihanna_Don't Stop The Music","gettin favorite chest dance nobody"
"Rihanna_Written In The Stars","supernova tractor touch sense outer"
"Justin Bieber_Mark My Words","word trust reason verse chorus"
"Michael Jackson_Privacy","message second night chance people"
"Taylor Swift_A Place In This World","today wrong world strong lucky"
"Rihanna_Rude Boy","rider captain giddy little thing"
"Michael Jackson_I Like You The Way You Are","concert ecstasy thing nobody micahel"
"Michael Jackson_I Have This Dream","world thing perfect imagine verse"
"Michael Jackson_Shoo-Be-Doo-Be-Doo-Da-Day","sweetheart world tender chorus single"
"Celine Dion_If Only You Could See Me Now","room distant yesterday silent pride"
"Taylor Swift_Hey Stephen","thing perfect nobody thought shine"
"Rihanna_Hate That I Love You","wrong awhile world forget power"
"Eagles_Doolin-Dalton","workin town graveyard tombstone brother"
"Eagles_Try And Love Again","year wrong loose circle move"
"Taylor Swift_Speak Now","stand bargin everyone speak hand"
"Michael Jackson_Monster","blood addition hollywood flippin early"
"Coldplay_A Sky Full Of Stars","cause star heart"
"Eagles_James Dean","rider little unseen rule james"
"Westlife_Drive","ocean matter people devotion flight"
"Coldplay_U.F.O.","sunlight upstream river hole right"
"Michael Jackson_2000 Watts","press watt compact steelo strong"
"Rihanna_No Love Allowed","murderer world critical broken beautiful"
"Westlife_Closer","night word enough lover mile"
"Linkin Park_Hole","watch enemy pounding sorry window"
"Coldplay_Princess Of China","castle princess half bright hand"
"Linkin Park_X-Ecutioner Style","tractor thrilla spine flippin thing"
"Lady Gaga_Perfect","tick afraid improfections happy alive"
"Linkin Park_Crawling","reflection surface stand wound crawling"
"Eagles_Last Good Time In Town","crossword occupation situation curtain perfect"
"Linkin Park_Breaking The Habit","tonight wound fault worth habit"
"Taylor Swift_The Moment I Knew","everyone thing close memory sinking"
"Rihanna_Fresh Off The Runway","runway small mona change designer"
"Justin Bieber_Fall","afraid wrong shoulder blind amazing"
"Lady Gaga_Ribbons","expression black uptown valium price"
"Linkin Park_Wrath Of Me","chorus blinding theory everyone wrath"
"Linkin Park_I Just Want Your Company","sweeter company hand keep bobble"
"Justin Bieber_Overboard","feel water forth thing overboard"
"Justin Bieber_You Leave Me Breathless With Your Words","night wrong surprise tight secure"
"Lady Gaga_Hello, hello","alone dance thing anything chance"
"Westlife_Have You Ever Been In Love","night telephone doubt laugh little"
"Rihanna_S.O.S. (Rescue Me)","outro knot somebody love sense"
"Rihanna_Let This Be The Last Time","rihanna compellin lifetime clear goodbye"
"Linkin Park_Without You","think heart scared"
"Celine Dion_Here, There And Everywhere","believing nobody hand someone somethin"
"Linkin Park_Figure.09","everyday everything word display thing"
"Michael Jackson_Love's Gone Bad","rainbow world black cryin night"
"Celine Dion_Lolita","lolita autre donner viens nuits"
"Michael Jackson_Music And Me","world song sweet bird others"
"Linkin Park_S.C.O.M.","movement cuban russian buggin presentation"
"Michael Jackson_That's What I Get","surprise tear goodbye sense naive"
"Michael Jackson_Don't Let It Get You Down","wrong happy friend yesterday tomorrow"
"Rihanna_Afterparty","backstage vodka welcome fifty awesome"
"Eagles_Earlybird","break earlybird reading denying morning"
"Westlife_Don't Calm The Storm","wrong walking afraid thing heart"
"Coldplay_Sparks","wrong drive heart spark"
"Coldplay_Streets Of Baltimore","neighborhood proud earth train factory"
"Coldplay_Now My Feet Won't Touch The Ground","rock lifetime ground swoop cliff"
"Linkin Park_Dedicated","anybody odyssey thing acidic strip"
"Justin Bieber_Drummer Boy","mistletoe stand studio bible vanilla"
"Taylor Swift_Live For The Little Things","detail pretending everyone quiet happiness"
"Coldplay_Atlas","world smoke heaven dragon caught"
"Eagles_Nightingale","thing trail time inspiration apple"
"Michael Jackson_Say Say Say","tear thing affection phone game"
"Rihanna_Willing To Wait","break mutual tryin first heart"
"Rihanna_Disturbia","comfort thought disease train curse"
"Westlife_Another World","world storm endless sound different"
"Celine Dion_In His Touch","chance speech forgive simple touch"
"Rihanna_Shut Up And Drive","supersonics class curve night explode"
"Taylor Swift_Mean","drunk thing nobody side knife"
"Linkin Park_Roads Untraveled","blinding broken road unseen sight"
"Coldplay_Death Will Never Conquer","sweet water comin place death"
"Michael Jackson_People Make The World Go Round","world equality polluted strike carousel"
"Eagles_All By Myself","livin obscure telephone insecure makin"
"Rihanna_Rehab","rehab favorite check anything disease"
"Celine Dion_Dance With My Father","innocence chance night sheet dance"
"Celine Dion_Faith","afraid beside castle building different"
"Coldplay_Such A Rush","people money everybody nothing please"
"Justin Bieber_Stay With Me Forever","jacuzzi people heartbreak fantasy heartache"
"Linkin Park_Pts.Of.Athrty","wrong share thing someone pride"
"Rihanna_Bad Girl","shopaholic chick guess perscription famous"
"Rihanna_The Last Song","complaining world song beautiful perfect"
"Rihanna_The Last Time","knife theselips tear clear fairy"
"Rihanna_Russian Roulette","chance prayer scary chest value"
"Taylor Swift_Jump Then Fall","freckle night afraid honey people"
"Westlife_Reach Out","world wrong destiny door distant"
"Rihanna_Say It","secrecy buggin chest goodbye thing"
"Lady Gaga_Rock Show","forest night anybody honey touch"
"Coldplay_Lost","wear river little along firing"
"Eagles_Outlaw Man","night danger stranger steal nothin"
"Rihanna_That La, La, La","chance night palor rihanna strong"
"Eagles_Train Leaves Here This Morning","sleeve wrong difference north fact"
"Eagles_Chug All Night","loose blind black sense chugging"
"Celine Dion_If Love Is Out Of The Question","innocent ecstasy sense affection crime"
"Celine Dion_Miracle","romance store creates confess desire"
"Lady Gaga_Someone Save Me Tonight","drunk withthe ohhhhhhhhhh designer dance"
"Rihanna_Man Down","peggy criminal sticky night simple"
"Westlife_I Get Weak","matter battlefield shattered touch crack"
"Eagles_Already Gone","life night lunch letter shelf"
"Linkin Park_When They Come For Me","motherfucker change crack thing leader"
"Linkin Park_Burning In the Skies","ocean innocence storm blood debris"
"Celine Dion_Live For The One I Love","chance night world wear beautiful"
"Coldplay_The World Turned Upside Down","thing little star measure right"
"Taylor Swift_Breathless","world broken laugh truth fresh"
"Taylor Swift_Santa Baby","convertible honey tiffany little decoration"
"Michael Jackson_Pressure","second assassin forgiveness money truth"
"Linkin Park_Wisdom Justice And Love","conscience world poisonous battlefield widow"
"Westlife_It's You","waltz night world everyone truth"
"Justin Bieber_Believe","start night clear foldin believe"
"Justin Bieber_Never Let You Go","hesitation world chance favorite watch"
"Michael Jackson_Remember The Time","special night sweet matter beach"
"Celine Dion_If You Asked Me To","world darlin nobody heart someone"
"Rihanna_Nobodys Business","special world touch business affection"
"Lady Gaga_Heavy Metal Lover","heavy world drunk clapper black"
"Justin Bieber_Forever","everyday night cross forever little"
"Eagles_Seven Bridges Road","thyme southern southward taste moonlight"
"Coldplay_For You","circumnavigate everyone globe control"
"Coldplay_A Whisper","night question whisper answer sound"
"Westlife_How To Break A Heart","world takin spinnin yesterday worth"
"Linkin Park_A Line In The Sand","ocean today blood sniper temptation"
"Celine Dion_La Religieuse","donner sanglots comme diable nuits"
"Coldplay_Ghost Story","disappear specter anybody smoke roller"
"Linkin Park_Forgotten","small world middle creep perfect"
"Coldplay_Idiot","wonderful listen alive idiot chicken"
"Rihanna_Lost In Paradise","wrong storm little paradise fear"
"Linkin Park_System","blood word happy ministry sickness"
"Justin Bieber_Never Say Never","david world giant blood ground"
"Rihanna_Lease My Love","paint empty closer month lease"
"Taylor Swift_We Are Never Ever Getting Back Together","record night month change indie"
"Rihanna_The One","david world rewind blood shopping"
"Lady Gaga_Love Mail","message song tell moment confused"
"Justin Bieber_All That Matters","meanwhile daylight nobody distance queen"
"Celine Dion_Bewitched Bothered And Bewildered","laugh situation spring charm heart"
"Coldplay_Violet Hill","bible ground silent carnival future"
"Rihanna_Higher","night line drunk whiskey feelin"
"Lady Gaga_Joanne","chorus ready goodbye thing voice"
"Coldplay_Things I Don't Understand","wrong night everything people little"
"Celine Dion_Les Chemins De Ma Maison","world chemins chaque benisse step"
"Taylor Swift_Long Live","world stand baseball pretender goodbye"
"Rihanna_Control Me","favorite flick thing attention control"
"Linkin Park_Lying From You","second worst truth cause criminal"
"Lady Gaga_Nothing On","headboard defense smile cause hand"
"Celine Dion_I Know What Love Is","ocean quiet innocent dream word"
"Lady Gaga_Let Love Down","blueberry little hand friend something"
"Michael Jackson_Take Me Back","green world forgive shone place"
"Rihanna_Golden Girl","proper start golden anger service"
"Rihanna_First Place","trademarkinfringement office recent country afternoon"
"Rihanna_Happy","saturday touch beautiful smile shirt"
"Taylor Swift_The Last Time","wrong feel apology road right"
"Justin Bieber_She Don't Like The Lights","choose world night front little"
"Lady Gaga_Bloody Mary","dance thing paris hand history"
"Taylor Swift_Foever And Always","second night wrong welcome minute"
"Justin Bieber_Down To Earth","start outta mommy middle distant"
"Justin Bieber_Latin Girl","beach latin telephone ooooh sittin"
"Linkin Park_No More Sorrow","life chorus crusade disguise money"
"Michael Jackson_Man In The Mirror","message world willow favorite change"
"Celine Dion_I Want You To Need Me","night world touch taste reality"
"Michael Jackson_Hold My Hand","sunlight myhand miserable night gettin"
"Linkin Park_Drag","shout please torture lift punture"
"Coldplay_Paradise","heavy stormy world night underneath"
"Westlife_Until The End Of Time","money tear thing right count"
"Celine Dion_If I Were You","simple roman sight thing affection"
"Linkin Park_In My Remains","message chance separate wreckage crack"
"Coldplay_Up With The Birds","wonderful start world simple break"
"Westlife_What About Now","empty night today beside touch"
"Celine Dion_I'm Alive","spirit alive flight worry cause"
"Westlife_Obvious","friendly wrong obvious nightfall shane"
"Westlife_Hard To Say I'm Sorry","lucky little everybody sorry lover"
"Taylor Swift_Breathe","simple break people little tragedy"
"Eagles_You Are Not Alone","chance night isolated goodbye friend"
"Coldplay_Midnight","storm thorn darkness million light"
"Michael Jackson_Breaking News","world obituary matter move screen"
"Lady Gaga_Retro Physical","high sexual everybody physical bullet"
"Michael Jackson_Ease On Down The Road","steppin little walkin step ground"
"Justin Bieber_Christmas Eve","mistletoe japan stocking nobody cooky"
"Rihanna_We Ride","ocean everythang nobody treat memory"
"Coldplay_Poor Me","nearer opportunity undone ahhhh"
"Coldplay_Marianne","marianne sweet swear understand blame"
"Lady Gaga_Sometimes","cowboy today afraid sidewalk question"
"Eagles_All Night Long","pinch cheek night weekend morning"
"Rihanna_Let Me","appetite waitin scream shout amazing"
"Rihanna_Slower To Heal","traffic today quicksand outta doctor"
"Linkin Park_Believe Me","shade sense ground train guess"
"Taylor Swift_Tim McGraw","gettin month favorite chest happiness"
"Celine Dion_Misled","sign conviction scene goodbye lover"
"Michael Jackson_Hot Street","evening smoking corner spender chance"
"Westlife_No No","doubt place thing nobody plan"
"Justin Bieber_swag's mean","cause"
"Westlife_What I Want Is What I've Got","chance dreamt short moment miracle"
"Westlife_Home","airplane letter lucky people outside"
"Rihanna_Drunk On Love","drunk little hopeless enough naive"
"Michael Jackson_Give In To Me","takin question desire lifetime word"
"Taylor Swift_The Lucky One","black thing bunch fortune sixty"
"Celine Dion_If Walls Could Talk","rainbow press ecstasy call control"
"Justin Bieber_Christmas Love","mistletoe world ground hall angel"
"Lady Gaga_Speechless","company johnnie glass night loser"
"Celine Dion_Make You Happy","world thing time conscious shine"
"Celine Dion_Any Other Way","start walking piece sorry rule"
"Linkin Park_Soul Song","weakling sweet blood river vein"
"Lady Gaga_Dancin' In Circles","touch tryin thing hand verse"
"Lady Gaga_Words","regret today brick afraid word"
"Michael Jackson_An Angel Came To Me","night wrong prayer honey voice"
"Lady Gaga_Footsteps In The Snow","chance strange strong change trance"
"Rihanna_Why Am I So In Love","rihanna world brown trust wrong"
"Westlife_Clementine","daddy service foamy daughter harpoon"
"Linkin Park_Powerless","crimson skeleton careless word evidence"
"Linkin Park_The Catalyst","transmission ocean world everyone people"
"Rihanna_Put Them Lighters Up","wrong lighter spirit paralysed fingertip"
"Justin Bieber_Second Chance","changed visible crystal verse chance"
"Linkin Park_White Noise","meaning wrong chorus tongue truth"
"Taylor Swift_Sweeter Than Fiction","sweeter proud perfect ground distance"
"Justin Bieber_Can't Live Without You","doubt plane bridge thing cause"
"Coldplay_Brothers And Sisters","sister life sound cause alright"
"Eagles_New Years Eve","punchline everyone tryin bringin glass"
"Rihanna_Red Lipstick","paper world physical lipstick cause"
"Justin Bieber_Can't Get You Off My Mind.","night parent woahhhh guess hangin"
"Taylor Swift_Beautiful Eyes","night little tight beautiful alive"
"Justin Bieber_Where Are You Now","empty wrong grown strong ground"
"Linkin Park_Don't Stay","apology possibility faithlessness control disbelief"
"Westlife_Back At One","plain night incredible emotional little"
"Justin Bieber_Yellow Raincoat","stormy water raincoat money yellow"
"Coldplay_Lhuna","smell anybody touch hello taste"
"Linkin Park_Let Down","start terrain brand unfoolish drain"
"Lady Gaga_Money Honey","beach tender island thing candle"
"Celine Dion_If That's What It Takes","second night afraid storm everything"
"Taylor Swift_The Jokes","month favorite thing week matter"
"Lady Gaga_Wish You Were Here","city strong stranger tear thing"
"Westlife_Hey Whatever","universe world profess sense thing"
"Coldplay_God Put A Smile Upon Your Face","honey know smile grace nobody"
"Rihanna_Love The Way You Lie Remix","wonder ocean loose strong river"
"Taylor Swift_Silent Night","tender birth virgin silent quake"
"Eagles_Please Come Home For Christmas","year night candlelight grief salutation"
"Michael Jackson_A Brand New Day","world liberty change brand everybody"
"Michael Jackson_Burn This Disco Out","dance chant night weekend feelin"
"Celine Dion_Baby Close Your Eyes","weary night dream smile lullaby"
"Westlife_I will reach you","knife chance skeleton spark scar"
"Justin Bieber_The Christmas Song","mistletoe eskimo yuletide time loaded"
"Coldplay_Army Of One","wonder universe world storm outro"
"Justin Bieber_Somebody To Love","world thing attention mile violin"
"Celine Dion_Eyes On Me","start matter temptation rule devil"
"Celine Dion_Falling Into You","afraid unconscious voice ground wall"
"Coldplay_Why Does It Always Rain On Me","seventeen invisible sky shelf tunnel"
"Westlife_Imaginary Diva","world erase classy shirt thing"
"Justin Bieber_Go The Distance","world distance journey strong glory"
"Michael Jackson_Just A Little Bit Of You","weeny sweet remedy little power"
"Lady Gaga_Wunderland","record mouth wunderland breath champagne"
"Lady Gaga_The Fame","runway glamor position hollywood plastic"
"Michael Jackson_Ready 2 Win","world shoulder ready money place"
"Westlife_Amazing","storm crawling amazing lifetime window"
"Coldplay_Ladder To The Sun","chance force mortal performing piece"
"Lady Gaga_Orange Colored Sky","wonderful green ceiling polka bottom"
"Linkin Park_Wake","start wrong blind taste sight"
"Lady Gaga_Hair","dance fight highlight identity dynamite"
"Lady Gaga_Paper Gangsta","range flavor chick empty paper"
"Lady Gaga_Government Hooker","government kennedy tear ground hand"
"Michael Jackson_Heal The World","plowshare world entire earth nation"
"Westlife_I Wanna Grow Old With You","pass strong clear smile thing"
"Taylor Swift_Christmases When You Were Mine","mistletoe everyone sweater hand mile"
"Linkin Park_My Own Summer (live)","shade anybody device treat allright"
"Coldplay_How You See The World No.2","world market wrapped change circle"
"Linkin Park_B12","socialism wrong hoorah stupid needy"
"Rihanna_Where Have You Been","tonight night someone crowd"
"Linkin Park_And One","blood field disjointed flesh thought"
"Westlife_No Place That Far","lonely world month river place"
"Taylor Swift_I Knew You Were Trouble","shame apology place sight heard"
"Justin Bieber_Trust Issues Remix","drizzy somebody thing bunch drake"
"Lady Gaga_Beautiful, Dirty, Rich","daddy plastic dance perfect fight"
"Justin Bieber_Misstep","small perfect woooah neglect extreme"
"Justin Bieber_Born To Be Somebody","small world change nothing somebody"
"Rihanna_Love Is The Only Way","euphoria white dream space great"
"Celine Dion_A Mother's Prayer","night prayer place grace darkness"
"Westlife_Never Knew I Was Losing You","regret nicky world sign wrong"
"Westlife_All Out Of Love","today apart wrong night smile"
"Coldplay_Twisted Logic","sunlight wrong belong river backwards"
"Linkin Park_With You","hypocrisy today wrong matter little"
"Justin Bieber_Life Is Worth Living","meaning world perception skating perfect"
"Taylor Swift_Forever And Always","second night wrong honest welcome"
"Michael Jackson_Another Part Of Me","message danger waitin dangerous takin"
"Michael Jackson_Hollywood Tonight","chance greyhound taught hollywood lipstick"
"Eagles_Life's Been Good","message office price fortune crime"
"Celine Dion_Love Can Move Mountains","ocean chance night strong little"
"Michael Jackson_Bad","world wrong place whole sayin"
"Eagles_How Long","blood loose everyone train night"
"Eagles_Pretty Maids All In A Row","storybook hero place fool thing"
"Rihanna_If It's Lovin' That You Want","world obvious sincere comeshare secret"
"Linkin Park_Spin","confrontation song company linkin bennington"
"Taylor Swift_Our Song","step napkin porch shotgun first"
"Justin Bieber_Vatican","second anatomy afraid company front"
"Celine Dion_Be The Man","david futari fukaku kienai misete"
"Coldplay_Oceans","world wall change ready"
"Linkin Park_Hit The Floor","afraid eggshell people standoff minute"
"Michael Jackson_Black Or White","message equality blood grief black"
"Coldplay_A Message","heavy message stand shone lover"
"Coldplay_Christmas Lights","night wrong blood elvis shining"
"Rihanna_Lemme Get That","world knot digger yacht stock"
"Michael Jackson_One Day In Your Life","place thing heart someone share"
"Celine Dion_I Drove All Night","night sweet world matter crept"
"Michael Jackson_Can't Let Her Get Away","shame everyday world situation rule"
"Rihanna_Bitch Better Have My Money","outro plastic thing ballin foreign"
"Linkin Park_Empty Spaces","motherfucker change crack thing leader"
"Michael Jackson_I'm So Blue","feelin guaranty happy tschada friend"
"Michael Jackson_I Am A Loser","today world loser happy goodbye"
"Justin Bieber_A Very Bieber Christmas","concert nikeys justin song bieber"
"Michael Jackson_Stranger In Moscow","interrogator russian moscow achievement stranger"
"Justin Bieber_Hit The Ground","outro world signal ground stone"
"Justin Bieber_Die In Your Arms","truth piece rule thing lesson"
"Celine Dion_Je Ne Vous Oublie Pas","amour partagent absence quelle comme"
"Lady Gaga_Boys Boys Boys","loose ashtray sneaker retro sugar"
"Coldplay_Viva La Vida","world honest field saint peter"
"Coldplay_1.36","sister believer cage bird minute"
"Westlife_What Makes A Man","wrong matter tear smile goodbye"
"Lady Gaga_Edge Of Glory","wrong dangerous shade belong hangin"
"Taylor Swift_Teardrops On My Guitar","thing singing night lucky walk"
"Eagles_Bitter Creek","desert money steal tryin runnin"
"Eagles_Most Of Us Are Sad","today woman shadow child tonight"
"Linkin Park_The Down Syndrome","people happy smile"
"Lady Gaga_Fooled Me Again, Honest Eyes","today weekend night honest microphone"
"Linkin Park_Hands Held High","ocean world ironic loose chest"
"Justin Bieber_I'll Show You","pressure outro matter human everyone"
"Lady Gaga_Teeth","bitch whatcha money little truth"
"Coldplay_Another's Arms","night world torture someone nothing"
"Celine Dion_All By Myself","livin obscure telephone insecure makin"
"Linkin Park_Shadow Of The Day","world simple solution blind lock"
"Justin Bieber_Right Here","impatient thing perfect nobody cause"
"Westlife_Tell Me It's Love","stage empty matter strong circus"
"Celine Dion_It's All Coming Back To Me Now","froze cruel threat slamming flesh"
"Taylor Swift_Cold As You","condescending shade sittin perfect thing"
"Taylor Swift_Today Was A Fairytale","today everything chest magic prince"
"Eagles_The Girl From Yesterday","wrong plane returning goodbye thing"
"Coldplay_In My Place","tired place crossed prepared line"
"Coldplay_M.M.I.X.","universe second unchanged government wreckage"
"Michael Jackson_Blue Gangsta","world people naaah thing bangsta"
"Justin Bieber_Baby Lady","stroller outfit snuggie ounce jacket"
"Westlife_The Dance","life world chance everything dance"
"Lady Gaga_Shake Your Kitty","halen shake drummer bottom kitty"
"Lady Gaga_Earthquake","earth guitar young quake earthquake"
"Linkin Park_Scars Of Life","wrong mouth bullet disgrace time"
"Taylor Swift_Sparks Fly","world forgets staircase guard sidewalk"
"Linkin Park_Keys To The Kingdom","bango futility range final control"
"Lady Gaga_Changing Skies","night anything parachute dance ground"
"Coldplay_Shiver","chance change clear attention shiver"
"Westlife_Colour My World","meaning world devotion affection little"
"Lady Gaga_Kandy Life","kandy reservation dance sense candy"
"Rihanna_Talk That Talk","beach restroom rothko ticket home"
"Coldplay_Life In Technicolor II","night world serenade streetlight creepin"
"Michael Jackson_Liberian Girl","world liberian brand penda scene"
"Linkin Park_From The Inside","feel everyone surprise tired happy"
"Taylor Swift_Sad Beautiful Tragic","pocket distance train silence hopeful"
"Lady Gaga_Fairy","people piece fairy surround light"
"Linkin Park_By Myself","touch thing nobody thought pride"
"Linkin Park_War","wrong despair black eternal destroyer"
"Michael Jackson_Give Thanks To Allah","allahu mohsinin sustainer sistainer creater"
"Rihanna_Leaving Tonight","chance wrong everyone thing difficult"
"Celine Dion_All The Way","happy someone somebody year taller"
"Rihanna_Coulda Been The One","message chance wrong actor shoulda"
"Westlife_My Girl","sweeter month honey money bird"
"Lady Gaga_Viva La Vida","world saint foreign chris blonde"
"Michael Jackson_Girlfriend","night letter boyfriend girlfriend chorus"
"Justin Bieber_You And Me","month people beautiful word alive"
"Michael Jackson_Got The Hots","tonight brand magic thing passion"
"Eagles_Hotel California (Album Version)","heavy outro courtyard master shimmering"
"Linkin Park_Qwerty","today forsaken plight confession disguise"
"Linkin Park_Runaway","paper tension constant graffiti broken"
"Justin Bieber_You've Got The Mother Load","sittin everytime psyched mouth cracked"
"Linkin Park_Esaul","thing energy thought scream attack"
"Justin Bieber_As Long As You Love Me","world cruel sense thing homeless"
"Linkin Park_The Little Things Give You Away","ocean mistakin water little window"
"Celine Dion_A Song For You","word melody heart everything music"
"Lady Gaga_Bad Kids","disastrous proud rebel typical horse"
"Michael Jackson_Here I Am","world honey heart burning trouble"
"Westlife_On The Wings Of Love","night world honey stranger touch"
"Coldplay_Trouble","stupid bubble middle little thing"
"Linkin Park_Castle Of Glass","castle river crack black sorrow"
"Coldplay_Travis - Why Does It Always Rain On Me?","seventeen invisible sky shelf tunnel"
"Westlife_I Have A Dream","wonder destination shane reality fairy"
"Justin Bieber_The Most","doubt broken everybody shirt nobody"
"Rihanna_Unfaithful","cheek murderer wrong company unfaithful"
"Linkin Park_Part Of Me","part everyone inside thought fight"
"Westlife_Evergreen","wonder evergreen night touch beautiful"
"Lady Gaga_Im On The Edge Of Glory","wrong dangerous belong glory truth"
"Westlife_Every Little Thing You Do","everything little laugh smile secret"
"Justin Bieber_Madly In Love (Bigger Than Life)","magic madness nothing reason verse"
"Westlife_Let There Be Love","carne bird first oyster someone"
"Justin Bieber_Beauty And A Beat","world thing ticket bitch letter"
"Michael Jackson_Morphine","daddy trsut tried takin demerol"
"Coldplay_Lovers In Japan","wrong runner doubt osaka lover"
"Lady Gaga_Kaboom","touch thing alahhh queen dynamite"
"Celine Dion_Immortality","storm immortality destiny spark power"
"Lady Gaga_Winter Wonderland","eskimo snowman wonderland parson plan"
"Rihanna_You Don't Love Me (No, No, No)","mount climbin playas chest little"
"Westlife_Dreams Come True","second start minute magic miracle"
"Justin Bieber_We Were Born For This","world sprite people place sacrifice"
"Coldplay_Animals","chance climbin animal collapsible climb"
"Michael Jackson_Tabloid Junkie","heroine speculate black blackmail anything"
"Lady Gaga_Diamond Heart","daddy cruel dance thing asshole"
"Rihanna_Mad House","lady welcome gentleman house oooooh"
"Justin Bieber_Bigger","small seesaw tooth little pushover"
"Taylor Swift_Haunted","wishin wrong stood comin quiet"
"Michael Jackson_Smile","gladness trace worthwhile smile heart"
"Lady Gaga_The Cat","shame feline canine hollywood kitty"
"Taylor Swift_Bette Davis Eyes","greta garbo appetite sweet crumb"
"Justin Bieber_The Lady With The Big Brown Eyes","wrong brown related skateboard favorite"
"Linkin Park_Leave Out All The Rest","empty wrong surface strong perfect"
"Coldplay_The Hardest Part","start wrong taste mouth thing"
"Taylor Swift_Love Story","daddy romeo staircase quiet scarlet"
"Westlife_Seasons In The Sun","black goodbye ground trusted family"
"Rihanna_There's A Thug In My Life","drama proud thing brother train"
"Rihanna_Do Ya Thing","special scream difference shout little"
"Eagles_Peaceful Easy Feeling","desert earring sparkling brown night"
"Taylor Swift_Christmas Must Be Something More","mistletoe happiness thing relationship attention"
"Linkin Park_In Time","pretending blood greets drain smile"
"Justin Bieber_Speechless","night befor everyone touch nomater"
"Michael Jackson_I Want You Back","second chance night stain crowd"
"Justin Bieber_Heartache","life doubt surprise place heartbreak"
"Lady Gaga_I Like It Rough","world line outside pearl little"
"Westlife_Bop Bop Baby","small goodbye thing nobody thought"
"Linkin Park_Wastelands","proper world integrity rapper black"
"Michael Jackson_Dangerous","touch desire whisper inhumanity manipulation"
"Lady Gaga_Starstruck","balla filter flavor freakin hand"
"Linkin Park_The Radiance","world hindu people prince destroyer"
"Rihanna_Fire Bomb","apart world gasoline fluid thing"
"Lady Gaga_Monster","tell disguise dance subway girlfriend"
"Westlife_Pictures In My Head","start weekend night single advance"
"Celine Dion_I Love You","life today letter touch little"
"Taylor Swift_Never Grow Up","world eyelid favorite quiet nobody"
"Lady Gaga_Manicure","serial chorus part squeeze salon"
"Linkin Park_New Divide","black goodbye ground distance clean"
"Coldplay_Where Is My Boy?","world line change unharmed scene"
"Justin Bieber_Eenie Meenie","closer wrong night dancin missin"
"Westlife_Catch My Breath","change chest sorry word pulling"
"Michael Jackson_History","world grief motivate ground nation"
"Eagles_Tryin'","sometime lonely world smokin feelin"
"Coldplay_Help Is Round The Corner","heavy stake rescue ruin middle"
"Rihanna_Only Girl","world night forget command thief"
"Lady Gaga_Filthy Pop","fabulous speaker louis sneaker filthy"
"Lady Gaga_Bewitched, Bothered And Bewildered","seventeen imitation laugh spring charm"
"Taylor Swift_The Best Day","paint daddy world tractor ship"
"Lady Gaga_Summer Boy","green pretending poppin heel little"
"Justin Bieber_Home To Mama","afraid world justin simpson drama"
"Taylor Swift_Change","thing final fight hand anything"
"Michael Jackson_Girl, Don't Take Your Love From Me","chance cruel little thing strength"
"Rihanna_Complicated","complicated minute little stick thing"
"Michael Jackson_Happy","changin time chance satisfied little"
"Michael Jackson_Leave Me Alone","beggin money sorry doggin walkin"
"Rihanna_Emergency Room","washer gettin sittin outlet tryin"
"Taylor Swift_Red","thatstrong passionate favorite crossword somebody"
"Westlife_To Be With You","green little broken confidence heart"
"Michael Jackson_Talk With You","single human little answer prays"
"Linkin Park_Numb","second chorus surface afraid everything"
"Lady Gaga_John Wayne","verse cowboy shiftin trouble horse"
"Lady Gaga_No Floods","world everyone goodbye hand train"
"Taylor Swift_Starlight","ocean pretending thing yacht starlight"
"Justin Bieber_Happy New Year","small mistletoe rootbeer nobody hardy"
"Michael Jackson_Breaking Rules","today wrong world matter strange"
"Westlife_If Your Heart's Not In It","afraid world word thing cause"
"Westlife_Can't Lose What You Never Had","pride keepin chance rejection feelin"
"Westlife_My Love","empty green song reaching forever"
"Justin Bieber_Speaking In Tongues","raptor tractor skill speaking thing"
"Michael Jackson_Off The Wall","chance world night music shoulder"
"Lady Gaga_Paparazzi","fantastical backstage plastic dance studio"
"Linkin Park_Hold Nothing Back","everything cauze enough thing different"
"Lady Gaga_Applause","second wrong scream theory nostalgia"
"Linkin Park_Wish (Live)","world everyone thing first nothing"
"Linkin Park_She Shines","river everybody flower eager chorus"
"Linkin Park_Riff Raff","message keyboard easter angle"
"Celine Dion_I Knew I Loved You","world night moonlight hand star"
"Michael Jackson_Someone In The Dark","rainbow night sweet afraid world"
"Celine Dion_In Some Small Way","small night difference destiny little"
"Westlife_Too Hard To Say Goodbye","tear goodbye undone heart standing"
"Michael Jackson_Human Nature","sweet human shoulder stranger electric"
"Lady Gaga_So Happy I Could Die","empty night world touch blond"
"Rihanna_Pour It Up","smell world sign patron refill"
"Michael Jackson_I Hear A Symphony","everyday tender world sweet exciting"
"Justin Bieber_I Would","american flaw hideaway smile thing"
"Rihanna_Sell Me Candy","daddy touch enjoy hand sugar"
"Michael Jackson_Keep Your Head Up","workin promising earth dance cry"
"Coldplay_Birds","world cruel noise corner guess"
"Lady Gaga_I Hear Them","everyday silient superstar watchu strong"
"Coldplay_Always In My Head","water guess heart mouth"
"Eagles_Learn To Be Still","flock message world happiness anything"
"Michael Jackson_Streetwalker","everyday watch strong satisfying brother"
"Rihanna_The Wait Is Ova","couse shame afraid world chance"
"Celine Dion_Les Derniers Seront Les Premiers","seront ternit derniers comme billet"
"Eagles_Music","world first music future impossible"
"Michael Jackson_Just Friends","rough bayer sayin thing carole"
"Celine Dion_L'Univers A Besoin D'Amour","voudrais hommes conteurs amour savoir"
"Celine Dion_La Do Do La Do","melange touch range pleure proud"
"Michael Jackson_Rock With You","sunlight night magic dance groove"
"Coldplay_Lost Highway","rollin advice people highway stone"
"Celine Dion_Amazing Grace","endures celine danger sweet snare"
"Lady Gaga_Alejandro","cigarette alejandro touch broken pocket"
"Michael Jackson_Little Christmas Tree","brings snowflake watchin song people"
"Coldplay_All Your Friends","sythe suset river poppy radio"
"Celine Dion_I'm Loving Every Moment With You","second comin place prayin word"
"Rihanna_Hypnotized","watcha night temperature feel afraid"
"Lady Gaga_Unicorn","horse innocent unicorn soul monster"
"Taylor Swift_Last Kiss","change middle pocket shirt hand"
"Rihanna_What Now","scream please tear happy throat"
"Lady Gaga_Til It Happens To You","world strong crash thing cause"
"Justin Bieber_Love Me","money people truth minute sucker"
"Rihanna_Kisses Don't Lie","world gettin seduce listen nobody"
"Celine Dion_Cherche Encore","paradis mondes derri petite raison"
"Westlife_Nothing Is Impossible","matter total inseparable mystery heart"
"Rihanna_We All Want Love","everybody thing someone scared heart"
"Coldplay_Every Teardrop Is A Waterfall","pulse world favourite black rebel"
"Rihanna_Pon De Replay","ceiling ready speaker everybody wantin"
"Rihanna_Jump","chance waitin myname saddle forget"
"Lady Gaga_You And I","daddy couch nebraska corner anything"
"Michael Jackson_Right Here","tonight human stranger exiculity love"
"Justin Bieber_Omaha Mall","world attention ballin chicken somethin"
"Linkin Park_Piercing The Skin","seperate blood compare nothing floor"
"Westlife_I'll See You Again","crazy word goodbye strength"
"Lady Gaga_Brown Eyes","record wrong brown honey surprise"
"Justin Bieber_All I Want For Christmas Is You","mistletoe reindeer north everyone sleigh"
"Lady Gaga_Nature Boy","strange little fool magic thing"
"Lady Gaga_Gypsy","world brick everyone india speak"
"Celine Dion_If I Could","innocence world shoulder mummy place"
"Michael Jackson_Everybody's Somebody's Fool","sister world making brother everybody"
"Westlife_When A Woman Loves A Man","night rhyme planet sacrifice smile"
"Lady Gaga_Stuck On Fuckin' You","world hooker kitchen plan champagne"
"Michael Jackson_Speechless","expression world carousel spinning possible"
"Westlife_Summer Wind","golden sweetheart night world umbrella"
"Justin Bieber_Time For Bed","justin guarantee bieber ready guess"
"Rihanna_Push Up On Me","confident takin break tease little"
"Westlife_If I Let You Go","shame night proud nobody heart"
"Michael Jackson_Goin' Back To Indiana","greener hollywood thing scooter song"
"Michael Jackson_Islam In My Veins","ocean everyone mile challenge brother"
"Rihanna_If I Never See Your Face Again","fade blazing little begin lover"
"Taylor Swift_Superman","world thing ground briefcase paper"
"Celine Dion_Aren't They All Our Children","world innocent hand comfort cry"
"Taylor Swift_Invisible","invisible matter faded beautiful miracle"
"Celine Dion_At Seventeen","small world company integrity dance"
"Rihanna_Prototype","noise thought pride angel doubt"
"Michael Jackson_Come Together","filter coaster thing early disease"
"Rihanna_Needed Me","pound chorus horse faded bitch"
"Lady Gaga_Again Again","coming green brown kinda march"
"Michael Jackson_Melodie","goodbye yesterday destiny beautiful happy"
"Westlife_Fragile Heart","world thing voice affection inside"
"Lady Gaga_Someone Save Me","tragedy someone scared direction concern"
"Lady Gaga_Take You Out","everyone everybody london paris talk"
"Westlife_Walk Away","start world matter touch little"
"Taylor Swift_Mine","small world couch takin careless"
"Taylor Swift_Our Last Night","world favorite band taylor thing"
"Justin Bieber_Set A Place At Your Table","small month whisper thing friend"
"Rihanna_Should I","gettin longa gunna thing control"
"Michael Jackson_Is It Scary?","lonely rocking nobody height ghost"
"Coldplay_Lips Like Sugar","winner shore loser water river"
"Celine Dion_Beauty And The Beast","small finding wrong strange rhyme"
"Rihanna_We Found Love","cross yellow place hopeless alive"
"Linkin Park_In The End","tick trust pendulum rhyme watch"
"Westlife_I Do","shore forever stand ready island"
"Linkin Park_Blackout","trust paper night blood white"
"Westlife_I Did It For You","chance everyday matter understand truth"
"Westlife_Maybe Tomorrow","danger night front minute warning"
"Coldplay_Kingdom Come","blood drummer tongue kingdom steal"
"Taylor Swift_Fearless","middle tryin hand somethin passenger"
"Michael Jackson_Johnny Raven","second raven untamed johnny little"
"Rihanna_Question Existing","robyn skirt guard shirt friend"
"Michael Jackson_Got To Be There","world begin morning cause feeling"
"Rihanna_Birthday Cake","bitch enticin candle anything excited"
"Westlife_Moon River","drifter world river huckleberry maker"
"Linkin Park_Plc.4 Mie Haed","night enemy favor baton tension"
"Celine Dion_I Met An Angel (On Christmas Day)","sofabed stocking early bride angel"
"Westlife_What Do They Know","chance night life strong touch"
"Celine Dion_Christmas Eve","mistletoe favorite ground claus winter"
"Michael Jackson_In The Closet","truth furnace desire thing lover"
"Michael Jackson_State Of Shock","shock everytime everybody listen great"
"Celine Dion_Fever","romeo daddy thing chick night"
"Eagles_Twenty-One","afraid strong stoppin tryin young"
"Westlife_Against All Odds","empty chance trace laughter tear"
"Celine Dion_Love Is On The Way","regret chance afraid page cause"
"Coldplay_Magic","anybody truth magic course precious"
"Rihanna_Electricity","wooah feelingelectricity night whatcha ooooh"
"Lady Gaga_Optimist","pessimist world negative horn thing"
"Westlife_Before it's too late","simple place tear mind thing"
"Celine Dion_Carmen","revient viter tenir bizet garde"
"Lady Gaga_Million Reasons","givin part heartbreak cycle hill"
"Justin Bieber_One Time","knock climbin world struggle makin"
"Michael Jackson_Smooth Criminal","carpet crescendo annie apartment outway"
"Linkin Park_In Pieces","regret truth piece secret faith"
"Michael Jackson_A Fool For You","break morning cry neighbor somethin"
"Linkin Park_Easier To Run","year shame wrong bringing wound"
"Westlife_Heart Without A Home","shore rebel candy night watch"
"Celine Dion_Calling You","desert blow sweet change little"
"Coldplay_Fix You","tired tear bone worth stuck"
"Michael Jackson_Can You Feel It","message world blood promising inside"
"Taylor Swift_White Horse","small world hollywood upper ending"
"Justin Bieber_I'll Be","wonderful chorus depth emerald shoulder"
"Coldplay_Glass Of Water","figurine plastic leader align glass"
"Linkin Park_H! Vltg3","bolding theology missile convention shoulder"
"Rihanna_James Joint","scene police rule thing verse"
"Michael Jackson_Morning Glow","night song strong change birth"
"Michael Jackson_I Like You The Way You Are (Don't Change Your Love)","sweet honey place smile substitute"
"Justin Bieber_Flatline","bleeding knowing different cause flatline"
"Celine Dion_Lovin' Proof","tender sweet doubt impressed strong"
"Taylor Swift_Treacherous","friction driving hand anything choice"
"Michael Jackson_Jackson 5 Medley","world thing bunch chance strong"
"Michael Jackson_Keep The Faith","world thing nobody ground brother"
"Lady Gaga_Oh Well","everbody strong change everybody term"
"Rihanna_Take A Bow","speech tryin house standin right"
"Linkin Park_Heroin Song","decision world student illness possible"
"Rihanna_Close To You","message protection watching connection breakfast"
"Michael Jackson_A Place With No Name","world happiness pocket highway thing"
"Coldplay_Square One","start surface code chance somebody"
"Westlife_Close","night love word enough mile"
"Rihanna_Selfish Girl","world simple night anybody minute"
"Eagles_Take The Devil","restless outside place runaway devil"
"Coldplay_Careful Where You Stand","quiet alright careful please chorus"
"Linkin Park_A Light That Never Comes","floodgate night shore shoulder strong"
"Michael Jackson_Soldier Boy","matter marchin people delirious heard"
"Lady Gaga_Stand By Me","night afraid stand mountain light"
"Rihanna_My Name Is Rihanna","rihanna storm cauze thing faithful"
"Celine Dion_Fly","lonely universe world shore happiness"
"Coldplay_How You See The World","world circle worried sense nobody"
"Justin Bieber_Foreign Remix","country thing madder puerto lamborghini"
"Michael Jackson_Get On The Floor","chance night dancin rejection dance"
"Westlife_In This Life","world treasure touch power river"
"Michael Jackson_Somebody's Watching Me","price privacy maybe night afraid"
"Rihanna_Te Amo","beach night afraid water somebody"
"Rihanna_Music Of The Sun","second sunlight question amazing listen"
"Westlife_Reason For Living","chance strong teasing dream breakin"
"Celine Dion_If We Could Start Over","afraid wrong strong truth thing"
"Westlife_Miss You Nights","company shane wind thought bryan"
"Michael Jackson_I'll Be There","world unselfish strong shoulder laughter"
"Michael Jackson_Save Me","livin world makin everybody young"
"Lady Gaga_Highway Unicorn","american rainbow paper strong ready"
"Westlife_Don't Get Me Wrong","second cours wrong forever strong"
"Justin Bieber_Ride","ocean special limit first ohhhh"
"Justin Bieber_PYD","outro forensics sense candle stove"
"Celine Dion_Loved Me Back To Life","start night strong touch quiet"
"Justin Bieber_Cry Me A Heartless Swag On The River One Time","chance night gettin money earth"
"Rihanna_Oh Baby","feel photograph place stride happy"
"Celine Dion_Just A Little Bit Of Love","stormy afraid prayer doubt little"
"Michael Jackson_Superfly Sister","thing jammin like brother abraham"
"Justin Bieber_Heartbreaker","today chance world everyone umbrella"
"Eagles_No More Cloudy Days","second stormy night cloudy chance"
"Michael Jackson_Be Me 4 A Day","press watch doubt outside proud"
"Lady Gaga_Electric Chapel","sanctuary blood electric chapel place"
"Lady Gaga_Leather Jacket","thing colorful young jacket common"
"Michael Jackson_I Can't Help It","sparkle sensual surprise disguise prize"
"Michael Jackson_Don't Say Goodbye Again","cellophane cruel loneliness goodbye heartache"
"Taylor Swift_The Other Side Of The Door","faded slamming black thing fight"
"Westlife_How Does It Feel","afraid world everything sharing people"
"Westlife_To Be Loved","lullaby alight little clear star"
"Coldplay_Bright New Dawn","corus wrong world sivilization people"
"Michael Jackson_Scream","changin evening fight scandalizin brother"
"Justin Bieber_Baby","pound weekend amazin piece sayin"
"Justin Bieber_Mama's Boy","today ipod matter concrete building"
"Michael Jackson_Speed Demon","freeway matter preachin stoppin demon"
"Celine Dion_Laissons Entrer Le Soleil","futur soufle laissez nation mensonge"
"Westlife_All Or Nothing","simple telephone bottom distant relationship"
"Linkin Park_Anything","wrong happiness name bill young"
"Celine Dion_Le Ballet","atours code rein remet peinture"
"Justin Bieber_Love Yourself","tried small everyone goodness stillcare"
"Lady Gaga_Hollywood","reflection world ambition change hollywood"
"Westlife_Unbreakable","night storm strong unmistakable power"
"Coldplay_Yes","rooftop night anybody hope temptation"
"Rihanna_Watch And Learn","learn watch couch lipstick mouth"
"Rihanna_Love The Way You Lie Part 2","aftermath threat speak thing ground"
"Justin Bieber_Looking For You","tyler sparkler world alcohol beach"
"Rihanna_Stupid In Love","chance stupid silly nickname waste"
"Westlife_Soledad","life world empty place image"
"Rihanna_Stay","believer little broken fever hand"
"Coldplay_White Shadows","thing outer noise maybe blink"
"Eagles_Too Many Hands","rainbow glory midnight sound ground"
"Coldplay_What's Going On","wrong strong tribute picket everybody"
"Taylor Swift_White Christmas","white bell bright christmas sleigh"
"Michael Jackson_My Girl","sweeter month honey money bird"
"Linkin Park_Robot Boy","compassion world weight enough fight"
"Westlife_Angel's Wings","small touch thing anything heaven"
"Eagles_My Man","people truth tryin wheel spinnin"
"Michael Jackson_Men In Black","world doorkeeper night human deciders"
"Celine Dion_Dreaming Of You","dreamin night fallin yesterday vision"
"Rihanna_Cry","goodbye thing relationship inside victim"
"Justin Bieber_Girlfriend","withineveryday beautifulface thing first girlfriend"
"Lady Gaga_A-YO","outro ceiling watch ceilin southern"
"Westlife_Talk Me Down","night shook tired crossfire endless"
"Westlife_Change Your Mind","night happy mistake someone right"
"Celine Dion_Did You Give Enough Love","start wrong pearl enough understanding"
"Westlife_Miss You","shadow heart"
"Rihanna_Silly Boy","people place taste keeper flower"
"Michael Jackson_Jam","world jingle favor temple stand"
"Justin Bieber_Runaway Love Kanye West Remix","tooth international asian nobody homies"
"Michael Jackson_Gone Too Soon","rainbow sunlight night beach evening"
"Rihanna_Rockstar 101","skirt middle black thing rockstar"
"Coldplay_42","spell something ghost short"
"Lady Gaga_Retro Dance Freak","freak airplane creature software tongue"
"Rihanna_Here I Go Again","sense thing control memory remembers"
"Linkin Park_Lost In The Echo","shock afraid cross enemy smart"
"Justin Bieber_Ladies Love Me","element gettin braggin rocker jacking"
"Westlife_Love Can Build A Bridge","desert hope broken dream tribe"
"Linkin Park_Not Alone","night storm silent echo"
"Taylor Swift_22","night miserable uhuoh hipster stranger"
"Celine Dion_It's Hard To Say Goodbye","start wrong change touch broken"
"Lady Gaga_Future Love","world workin plastic galaxy outer"
"Celine Dion_Love Doesn't Ask Why","chance wrong afraid strong moment"
"Celine Dion_Have A Heart","chance world start beggin strong"
"Linkin Park_Carousel","night matter family carousel disguise"
"Westlife_The Easy Way","wrong world poetry necklace chemistry"
"Michael Jackson_2 Bad","blood theme thrilla hollywood hand"
"Justin Bieber_Stuck In The Moment","world reminiscin destiny convention reckless"
"Michael Jackson_Nite Line","night communication spark midnight whisper"
"Coldplay_Bigger Stronger","second attitude touch atmosphere nothing"
"Lady Gaga_Dance In The Dark","marilyn howlin love vampire dance"
"Michael Jackson_Alright Now","today forever blind breathe price"
"Linkin Park_Saturation","strange attitude"
"Michael Jackson_All The Things You Are","brink springtime promised thing happy"
"Justin Bieber_One Dance (Remix)","outro justin celebrate bieber money"
"Linkin Park_The Messenger","desperate world instinct spirit cruel"
"Celine Dion_A New Day Has Come","world weakness strong everyone miracle"
"Linkin Park_I'll Be Gone","night sweet deceiving bitter star"
"Coldplay_We Found Love","cross yellow place hopeless alive"
"Justin Bieber_Catching Feelings","chance contagious everything meant touch"
"Westlife_Everybody Knows","doubt everyone people touch tired"
"Justin Bieber_Runaway Love","sweet company whatcha front little"
"Michael Jackson_Slave to the Rhythm","night sheet crack slave overtime"
"Michael Jackson_If I Don't Love You This Way","world hope strong touch playin"
"Westlife_Angel","reverie weightless comfort silent memory"
"Rihanna_It Just Don't Feel Like Xmas (Without You)","regret snowflake matter music snowman"
"Westlife_Shadows","month place tryin enough morning"
"Westlife_I Left My Heart In San Francisco","golden manhattan cable loveliness glory"
"Westlife_Something Right","inspired truth alive ground elated"
"Rihanna_You Da One","wrong touch runnin alive tryin"
"Celine Dion_I Love You Goodbye","thing heart someone crime willing"
"Linkin Park_Victimized","regret victimized truth violent confidence"
"Coldplay_Miracles","chorus world storm outro puddle"
"Lady Gaga_Christmas Tree","underneath mistletoe place everybody falalalala"
"Westlife_My Private Movie","viewfinder thing violin private eternity"
"Michael Jackson_How Is Life Going To Be","world forgive people animal smile"
"Michael Jackson_Stronger","front order strong tear soldier"
"Justin Bieber_Sorry","innocent referee time verse chance"
"Westlife_Close Your Eyes","earth thinking morning cause heart"
"Michael Jackson_Greatest Show On Earth","rainbow everyday world carousel trapeze"
"Taylor Swift_Come Back... Be Here","second today world strange simple"
"Celine Dion_Breakaway","empty change pretend people word"
"Rihanna_Haunted","invisible spirit haunted whisper step"
"Taylor Swift_Umbrella","world umbrella shiny attention heart"
"Westlife_I Lay My Love On You","world brand place lifetime smile"
"Rihanna_Winning Women","change geneva exchange culture thing"
"Celine Dion_Ave Maria","heavy despair prayer morrow maiden"
"Rihanna_Yeah, I Said It","little rough title camera nigga"
"Celine Dion_Je Ne Veux Pas","musique babel quand comment novembre"
"Justin Bieber_Fairytale","cheek princess money slowly glove"
"Michael Jackson_Cry","world change blind wind shine"
"Lady Gaga_Reloaded","osama darkchild buggin momma energy"
"Justin Bieber_Favorite Girl","runner favorite possession time treat"
"Coldplay_Ink","knife feel pain broken pocket"
"Taylor Swift_Last Christmas","bitten special apart cover shoulder"
"Taylor Swift_Down To The Mountain","inyour today sweet change place"
"Coldplay_Moses","golden opportunity difference matter power"
"Michael Jackson_Childhood","world fantastical thing pirate eccentricity"
"Coldplay_Sleeping Sun","nineteen south question piece singing"
"Lady Gaga_Bad Romance","amour touch drama criminal disease"
"Taylor Swift_Superstar","world everyone thing invisible night"
"Justin Bieber_All Bad","wrong company everything instigator comment"
"Rihanna_Towards The Sun","night yesterday worth promise faith"
"Coldplay_X Marks The Spot","superhero rocket treasure innocent sinner"
"Michael Jackson_For All Time","tender matter night shoulder sings"
"Coldplay_Low","meaning wrong world white silver"
"Coldplay_Songbird","night song little place thing"
"Coldplay_Daylight","sunlight hilltop realize surprise slowly"
"Lady Gaga_White Christmas","treetop white bell bright christmas"
"Michael Jackson_Ain't No Sunshine","wonder alone house sunshine bone"
"Linkin Park_Valentine's Day","night wrong dissatisfied black sight"
"Justin Bieber_That Should Be Nana","making papuputukin denzel plawers rumor"
"Michael Jackson_Love Never Felt So Good","night dancin justin doubt bridge"
"Rihanna_Wait Your Turn","shame chance afraid world wear"
"Justin Bieber_Mistletoe","mistletoe everyone thing roastin winter"
"Coldplay_We Never Change","cruel house wooden friend single"
"Westlife_Forever","night world doubt thing lover"
"Rihanna_Farewell","tear first thought mile story"
"Westlife_Mack The Knife","cement sukey scarlet sailor corner"
"Westlife_No More Heroes","hero glory wave right starlight"
"Michael Jackson_Girl You're So Together","traffic chance sweet month storm"
"Rihanna_Roc Me Out","daddy ready forth secret ground"
"Rihanna_Get It Over With","afraid float heart cloud fucking"
"Rihanna_Just Be Happy","saturday weekend touch beautiful happy"
"Rihanna_Dancing In The Dark","middle dance verse night creature"
"Michael Jackson_Best Of Joy (I Can't Make It)","wonder strong shady sacred spring"
"Justin Bieber_Christmas Is Dead","mental world parent wrong order"
"Lady Gaga_Sinner's Prayer","daddy brink nobody thirsty ghost"
"Taylor Swift_Crazier","crazier feel ground wing distance"
"Westlife_beautiful tonight","today beautiful pretender tear great"
"Rihanna_American Oxygen","american ocean hustlin america refrain"
"Justin Bieber_Get Used To Me","brace hand october verse interest"
"Linkin Park_Step Up","world company master movement skill"
"Justin Bieber_Someday At Christmas","world earth empty happy fear"
"Lady Gaga_Artpop","brick beach thing brush anything"
"Michael Jackson_Happy Birthday Lisa","sister today little proud praise"
"Celine Dion_Little Bit Of Love","world night broken little word"
"Lady Gaga_Stache","anton break princess cannabis obession"
"Westlife_Solitaire","indifference smoke unchecked little heart"
"Lady Gaga_Disco Heaven","dance arrow heaven feel bunny"
"Justin Bieber_Pick Me","beach favorite hand class anything"
"Lady Gaga_Alienated","world signal tryin galaxy alienated"
"Westlife_On My Shoulder","world storm company shoulder change"
"Linkin Park_Starting To Fly","ocean tonight mass place magic"
"Coldplay_Charlie Brown","scarecrow high world matter front"
"Lady Gaga_Brooklyn Night","outro russian perfect adieu verse"
"Celine Dion_Another Year Has Gone By","start special occasion truth december"
"Michael Jackson_Ghosts","blood intrusion rocking nobody arrow"
"Westlife_I Won't Let You Down","difference strong wound touch strain"
"Coldplay_True Love","second control"
"Justin Bieber_Hold Tight","watch tight place trance thing"
"Justin Bieber_Love Me Like You Do","middle desire choice secret alright"
"Coldplay_A Head Full Of Dreams","world conference change bird broken"
"Michael Jackson_Butterflies","anything call smile listen caress"
"Celine Dion_Didn't Know Love","cheek afraid night blessing strong"
"Linkin Park_Ppr:kut","nobody inside keep screaming whirl"
"Lady Gaga_The Heart Interlude","music popculture technology beautiful dance"
"Taylor Swift_Ronan","curtained blind plastic screaming kitchen"
"Linkin Park_Never Gonna Happen","voice inside cause screaming hollow"
"Linkin Park_My December","alone december clear thing someone"
"Linkin Park_The Morning After","wound tunnel tired sleep alive"
"Taylor Swift_If This Was A Movie","night month front stand change"
"Justin Bieber_Hard 2 Face Reality","opportunity night front feelins reality"
"Justin Bieber_One Life","chance romance connect shine mission"
"Linkin Park_Across The Line","pretending chest goodbye hand fight"
"Michael Jackson_Maybe Tomorrow","heavenly beautiful season star heaven"
"Michael Jackson_Dirty Diana","backstage thing time fortune carefree"
"Michael Jackson_Someone Put Your Hand Out","shame world rhyme truth earth"
"Westlife_Ain't That A Kick In The Head","quote lucky quick fella black"
"Justin Bieber_Shawty Let's Go","shawty thing"
"Michael Jackson_She Drives Me Wild","fakin composition position sweater black"
"Westlife_Lighthouse","chance storm shore rough lifeline"
"Linkin Park_Waiting for the end","thing thought control fist invisible"
"Westlife_Thats Life","world thing shakin thought time"
"Lady Gaga_Don't Give Up","taught proud earth thing daylight"
"Michael Jackson_Euphoria","rainbow today world start euphoria"
"Michael Jackson_Centipede","night loose crawlin touch quiet"
"Michael Jackson_D.S.","shock surprisei letter political sheldon"
"Celine Dion_Lolita (Trop Jeune Pour Aimer)","pass month lolita autre desire"
"Linkin Park_Given Up","chorus wrong enemy feel waste"
"Rihanna_A Girl Like Me","world anything chance disguise feelin"
"Michael Jackson_Make Tonight All Mine","watchin tight close happy walkin"
"Justin Bieber_I Am Your Man","stupid cupid girl woman nerve"
"Lady Gaga_Just Dance","symphonic gettin stand dance shirt"
"Linkin Park_Rolling In The Deep","depth despair blessing treasured scar"
"Eagles_Still Got The Blues","empty friend price space thing"
"Westlife_Queen Of My Heart","goodbye time memory queen matter"
"Justin Bieber_Kiss and Tell","quiet drama thing privacy chick"
"Coldplay_You Only Live Twice","danger stranger price stray beckon"
"Lady Gaga_The Lady Is A Tramp","hate beach jeeter theater rogers"
"Rihanna_FourFiveSeconds","drunk trash fourfiveseconds time pride"
"Eagles_In The City","night horizon sight survival light"
"Michael Jackson_Loving You","weatherman night august midnight lover"
"Linkin Park_Until It Breaks","daddy small obsolete shore sings"
"Michael Jackson_One More Chance","chance world storm whole lovin"
"Celine Dion_Coulda Woulda Shoulda","chance afraid woulda everything shoulda"
"Coldplay_No More Keeping My Feet On The Ground","chance innocence lighter curtain ground"
"Taylor Swift_Come In With The Rain","tired screamed tear window step"
"Linkin Park_I Have Not Begun","fakin three askin butternife takin"
"Lady Gaga_One Chance","chance night afraid beating place"
"Celine Dion_Lullaby","ocean wonderful matter song emerald"
